Mes;Empresa;Tipo de servicio;Tipo de producto;Trayecto;Precio (€)
2022-11;Iryo;Comercial;LD AV;Madrid-Barcelona;45,73
2022-11;OUIGO;Comercial;LD AV;Madrid-Barcelona;40,85
2022-11;OUIGO;Comercial;LD AV;Madrid-Valencia;25,08
2022-11;Renfe-AVE;Comercial;LD AV;Madrid-Alicante;48,73
2022-11;Renfe-AVE;Comercial;LD AV;Madrid-Barcelona;78,78
2022-11;Renfe-AVE;Comercial;LD AV;Madrid-Málaga;67,77
2022-11;Renfe-AVE;Comercial;LD AV;Madrid-Sevilla;66,82
2022-11;Renfe-AVE;Comercial;LD AV;Madrid-Valencia;55,16
2022-11;Renfe-AVLO;Comercial;LD AV;Madrid-Barcelona;49,31
2022-11;Renfe-AVLO;Comercial;LD AV;Madrid-Valencia;30,23
2022-11;Total;Comercial;LD AV;Madrid-Alicante;48,73
2022-11;Total;Comercial;LD AV;Madrid-Barcelona;66,39
2022-11;Total;Comercial;LD AV;Madrid-Málaga;67,77
2022-11;Total;Comercial;LD AV;Madrid-Sevilla;66,82
2022-11;Total;Comercial;LD AV;Madrid-Valencia;42,94
2022-12;Iryo;Comercial;LD AV;Madrid-Barcelona;46,94
2022-12;Iryo;Comercial;LD AV;Madrid-Valencia;25,84
2022-12;OUIGO;Comercial;LD AV;Madrid-Barcelona;46,24
2022-12;OUIGO;Comercial;LD AV;Madrid-Valencia;23,1
2022-12;Renfe-AVE;Comercial;LD AV;Madrid-Alicante;54,36
2022-12;Renfe-AVE;Comercial;LD AV;Madrid-Barcelona;80,63
2022-12;Renfe-AVE;Comercial;LD AV;Madrid-Málaga;73,07
2022-12;Renfe-AVE;Comercial;LD AV;Madrid-Sevilla;70,31
2022-12;Renfe-AVE;Comercial;LD AV;Madrid-Valencia;49,78
2022-12;Renfe-AVLO;Comercial;LD AV;Madrid-Barcelona;53,96
2022-12;Renfe-AVLO;Comercial;LD AV;Madrid-Valencia;26,83
2022-12;Total;Comercial;LD AV;Madrid-Alicante;54,36
2022-12;Total;Comercial;LD AV;Madrid-Barcelona;64,17
2022-12;Total;Comercial;LD AV;Madrid-Málaga;73,07
2022-12;Total;Comercial;LD AV;Madrid-Sevilla;70,31
2022-12;Total;Comercial;LD AV;Madrid-Valencia;38,08
2023-01;Iryo;Comercial;LD AV;Madrid-Barcelona;30,52
2023-01;Iryo;Comercial;LD AV;Madrid-Valencia;20,77
2023-01;OUIGO;Comercial;LD AV;Madrid-Barcelona;30,49
2023-01;OUIGO;Comercial;LD AV;Madrid-Valencia;20,59
2023-01;Renfe-AVE;Comercial;LD AV;Madrid-Alicante;46,92
2023-01;Renfe-AVE;Comercial;LD AV;Madrid-Barcelona;64,56
2023-01;Renfe-AVE;Comercial;LD AV;Madrid-Málaga;57,67
2023-01;Renfe-AVE;Comercial;LD AV;Madrid-Sevilla;58,74
2023-01;Renfe-AVE;Comercial;LD AV;Madrid-Valencia;37,8
2023-01;Renfe-AVLO;Comercial;LD AV;Madrid-Barcelona;37,06
2023-01;Renfe-AVLO;Comercial;LD AV;Madrid-Valencia;22,86
2023-01;Total;Comercial;LD AV;Madrid-Alicante;46,92
2023-01;Total;Comercial;LD AV;Madrid-Barcelona;47,57
2023-01;Total;Comercial;LD AV;Madrid-Málaga;57,67
2023-01;Total;Comercial;LD AV;Madrid-Sevilla;58,74
2023-01;Total;Comercial;LD AV;Madrid-Valencia;30,45
2023-02;Iryo;Comercial;LD AV;Madrid-Barcelona;31,1
2023-02;Iryo;Comercial;LD AV;Madrid-Valencia;20,6
2023-02;OUIGO;Comercial;LD AV;Madrid-Barcelona;31,27
2023-02;OUIGO;Comercial;LD AV;Madrid-Valencia;22,85
2023-02;Renfe-AVE;Comercial;LD AV;Madrid-Alicante;48,69
2023-02;Renfe-AVE;Comercial;LD AV;Madrid-Barcelona;67,23
2023-02;Renfe-AVE;Comercial;LD AV;Madrid-Málaga;61,39
2023-02;Renfe-AVE;Comercial;LD AV;Madrid-Sevilla;62,57
2023-02;Renfe-AVE;Comercial;LD AV;Madrid-Valencia;34,71
2023-02;Renfe-AVLO;Comercial;LD AV;Madrid-Barcelona;37,46
2023-02;Renfe-AVLO;Comercial;LD AV;Madrid-Valencia;21,32
2023-02;Total;Comercial;LD AV;Madrid-Alicante;48,69
2023-02;Total;Comercial;LD AV;Madrid-Barcelona;49,22
2023-02;Total;Comercial;LD AV;Madrid-Málaga;61,39
2023-02;Total;Comercial;LD AV;Madrid-Sevilla;62,57
2023-02;Total;Comercial;LD AV;Madrid-Valencia;28,35
2023-03;Iryo;Comercial;LD AV;Madrid-Barcelona;32,34
2023-03;Iryo;Comercial;LD AV;Madrid-Málaga;58,45
2023-03;Iryo;Comercial;LD AV;Madrid-Sevilla;62,41
2023-03;Iryo;Comercial;LD AV;Madrid-Valencia;21,02
2023-03;OUIGO;Comercial;LD AV;Madrid-Barcelona;32,34
2023-03;OUIGO;Comercial;LD AV;Madrid-Valencia;23,95
2023-03;Renfe-AVE;Comercial;LD AV;Madrid-Alicante;52,18
2023-03;Renfe-AVE;Comercial;LD AV;Madrid-Barcelona;64,34
2023-03;Renfe-AVE;Comercial;LD AV;Madrid-Málaga;65,54
2023-03;Renfe-AVE;Comercial;LD AV;Madrid-Sevilla;67,65
2023-03;Renfe-AVE;Comercial;LD AV;Madrid-Valencia;42,02
2023-03;Renfe-AVLO;Comercial;LD AV;Madrid-Alicante;28,09
2023-03;Renfe-AVLO;Comercial;LD AV;Madrid-Barcelona;40,02
2023-03;Renfe-AVLO;Comercial;LD AV;Madrid-Valencia;21,3
2023-03;Total;Comercial;LD AV;Madrid-Alicante;51,77
2023-03;Total;Comercial;LD AV;Madrid-Barcelona;47,75
2023-03;Total;Comercial;LD AV;Madrid-Málaga;65,45
2023-03;Total;Comercial;LD AV;Madrid-Sevilla;67,58
2023-03;Total;Comercial;LD AV;Madrid-Valencia;31,29
2023-04;Iryo;Comercial;LD AV;Madrid-Barcelona;40,31
2023-04;Iryo;Comercial;LD AV;Madrid-Málaga;52,77
2023-04;Iryo;Comercial;LD AV;Madrid-Sevilla;58,25
2023-04;Iryo;Comercial;LD AV;Madrid-Valencia;23,46
2023-04;OUIGO;Comercial;LD AV;Madrid-Alicante;24,26
2023-04;OUIGO;Comercial;LD AV;Madrid-Barcelona;39,58
2023-04;OUIGO;Comercial;LD AV;Madrid-Valencia;23,74
2023-04;Renfe-AVE;Comercial;LD AV;Madrid-Alicante;55,17
2023-04;Renfe-AVE;Comercial;LD AV;Madrid-Barcelona;68,46
2023-04;Renfe-AVE;Comercial;LD AV;Madrid-Málaga;68,1
2023-04;Renfe-AVE;Comercial;LD AV;Madrid-Sevilla;75,77
2023-04;Renfe-AVE;Comercial;LD AV;Madrid-Valencia;38,86
2023-04;Renfe-AVLO;Comercial;LD AV;Madrid-Alicante;32,76
2023-04;Renfe-AVLO;Comercial;LD AV;Madrid-Barcelona;46,62
2023-04;Renfe-AVLO;Comercial;LD AV;Madrid-Valencia;23,78
2023-04;Total;Comercial;LD AV;Madrid-Alicante;51,37
2023-04;Total;Comercial;LD AV;Madrid-Barcelona;53,47
2023-04;Total;Comercial;LD AV;Madrid-Málaga;65,76
2023-04;Total;Comercial;LD AV;Madrid-Sevilla;73,23
2023-04;Total;Comercial;LD AV;Madrid-Valencia;30,46
2023-05;Iryo;Comercial;LD AV;Madrid-Barcelona;44,01
2023-05;Iryo;Comercial;LD AV;Madrid-Málaga;56,74
2023-05;Iryo;Comercial;LD AV;Madrid-Sevilla;57,41
2023-05;Iryo;Comercial;LD AV;Madrid-Valencia;24,52
2023-05;OUIGO;Comercial;LD AV;Madrid-Alicante;18,3
2023-05;OUIGO;Comercial;LD AV;Madrid-Barcelona;40,31
2023-05;OUIGO;Comercial;LD AV;Madrid-Valencia;21,92
2023-05;Renfe-AVE;Comercial;LD AV;Madrid-Alicante;52,82
2023-05;Renfe-AVE;Comercial;LD AV;Madrid-Barcelona;69,19
2023-05;Renfe-AVE;Comercial;LD AV;Madrid-Málaga;71,22
2023-05;Renfe-AVE;Comercial;LD AV;Madrid-Sevilla;74,8
2023-05;Renfe-AVE;Comercial;LD AV;Madrid-Valencia;40,73
2023-05;Renfe-AVLO;Comercial;LD AV;Madrid-Alicante;25,03
2023-05;Renfe-AVLO;Comercial;LD AV;Madrid-Barcelona;47,56
2023-05;Renfe-AVLO;Comercial;LD AV;Madrid-Valencia;24,1
2023-05;Total;Comercial;LD AV;Madrid-Alicante;44,02
2023-05;Total;Comercial;LD AV;Madrid-Barcelona;55,32
2023-05;Total;Comercial;LD AV;Madrid-Málaga;68,58
2023-05;Total;Comercial;LD AV;Madrid-Sevilla;70,33
2023-05;Total;Comercial;LD AV;Madrid-Valencia;31,33
2023-06;Iryo;Comercial;LD AV;Madrid-Alicante;29,64
2023-06;Iryo;Comercial;LD AV;Madrid-Barcelona;45,21
2023-06;Iryo;Comercial;LD AV;Madrid-Málaga;60,66
2023-06;Iryo;Comercial;LD AV;Madrid-Sevilla;56,88
2023-06;Iryo;Comercial;LD AV;Madrid-Valencia;27,48
2023-06;OUIGO;Comercial;LD AV;Madrid-Alicante;20,99
2023-06;OUIGO;Comercial;LD AV;Madrid-Barcelona;39,94
2023-06;OUIGO;Comercial;LD AV;Madrid-Valencia;21,37
2023-06;Renfe-AVE;Comercial;LD AV;Madrid-Alicante;58,33
2023-06;Renfe-AVE;Comercial;LD AV;Madrid-Barcelona;65,33
2023-06;Renfe-AVE;Comercial;LD AV;Madrid-Málaga;70,65
2023-06;Renfe-AVE;Comercial;LD AV;Madrid-Sevilla;71,61
2023-06;Renfe-AVE;Comercial;LD AV;Madrid-Valencia;46,4
2023-06;Renfe-AVLO;Comercial;LD AV;Madrid-Alicante;28,56
2023-06;Renfe-AVLO;Comercial;LD AV;Madrid-Barcelona;46,47
2023-06;Renfe-AVLO;Comercial;LD AV;Madrid-Málaga;57,68
2023-06;Renfe-AVLO;Comercial;LD AV;Madrid-Sevilla;44,4
2023-06;Renfe-AVLO;Comercial;LD AV;Madrid-Valencia;25,06
2023-06;Total;Comercial;LD AV;Madrid-Alicante;46,5
2023-06;Total;Comercial;LD AV;Madrid-Barcelona;53,85
2023-06;Total;Comercial;LD AV;Madrid-Málaga;67
2023-06;Total;Comercial;LD AV;Madrid-Sevilla;64,91
2023-06;Total;Comercial;LD AV;Madrid-Valencia;34,8
2023-07;Iryo;Comercial;LD AV;Madrid-Alicante;34,65
2023-07;Iryo;Comercial;LD AV;Madrid-Barcelona;49,75
2023-07;Iryo;Comercial;LD AV;Madrid-Málaga;56,95
2023-07;Iryo;Comercial;LD AV;Madrid-Sevilla;49,72
2023-07;Iryo;Comercial;LD AV;Madrid-Valencia;28,39
2023-07;OUIGO;Comercial;LD AV;Madrid-Alicante;27,21
2023-07;OUIGO;Comercial;LD AV;Madrid-Barcelona;44,41
2023-07;OUIGO;Comercial;LD AV;Madrid-Valencia;23,21
2023-07;Renfe-AVE;Comercial;LD AV;Madrid-Alicante;60,48
2023-07;Renfe-AVE;Comercial;LD AV;Madrid-Barcelona;62,22
2023-07;Renfe-AVE;Comercial;LD AV;Madrid-Málaga;70,41
2023-07;Renfe-AVE;Comercial;LD AV;Madrid-Sevilla;61,7
2023-07;Renfe-AVE;Comercial;LD AV;Madrid-Valencia;44,21
2023-07;Renfe-AVLO;Comercial;LD AV;Madrid-Alicante;32,62
2023-07;Renfe-AVLO;Comercial;LD AV;Madrid-Barcelona;46,19
2023-07;Renfe-AVLO;Comercial;LD AV;Madrid-Málaga;58,8
2023-07;Renfe-AVLO;Comercial;LD AV;Madrid-Sevilla;38,5
2023-07;Renfe-AVLO;Comercial;LD AV;Madrid-Valencia;25,46
2023-07;Total;Comercial;LD AV;Madrid-Alicante;49,69
2023-07;Total;Comercial;LD AV;Madrid-Barcelona;54,49
2023-07;Total;Comercial;LD AV;Madrid-Málaga;65,57
2023-07;Total;Comercial;LD AV;Madrid-Sevilla;56,28
2023-07;Total;Comercial;LD AV;Madrid-Valencia;34,28
2023-08;Iryo;Comercial;LD AV;Madrid-Alicante;28,99
2023-08;Iryo;Comercial;LD AV;Madrid-Barcelona;40,62
2023-08;Iryo;Comercial;LD AV;Madrid-Málaga;52,65
2023-08;Iryo;Comercial;LD AV;Madrid-Sevilla;38,96
2023-08;Iryo;Comercial;LD AV;Madrid-Valencia;22,28
2023-08;OUIGO;Comercial;LD AV;Madrid-Alicante;27,44
2023-08;OUIGO;Comercial;LD AV;Madrid-Barcelona;41,75
2023-08;OUIGO;Comercial;LD AV;Madrid-Valencia;22,76
2023-08;Renfe-AVE;Comercial;LD AV;Madrid-Alicante;57,09
2023-08;Renfe-AVE;Comercial;LD AV;Madrid-Barcelona;55,99
2023-08;Renfe-AVE;Comercial;LD AV;Madrid-Málaga;64,57
2023-08;Renfe-AVE;Comercial;LD AV;Madrid-Sevilla;50,49
2023-08;Renfe-AVE;Comercial;LD AV;Madrid-Valencia;38,81
2023-08;Renfe-AVLO;Comercial;LD AV;Madrid-Alicante;29,19
2023-08;Renfe-AVLO;Comercial;LD AV;Madrid-Barcelona;38,93
2023-08;Renfe-AVLO;Comercial;LD AV;Madrid-Málaga;51,95
2023-08;Renfe-AVLO;Comercial;LD AV;Madrid-Sevilla;29,09
2023-08;Renfe-AVLO;Comercial;LD AV;Madrid-Valencia;23,02
2023-08;Total;Comercial;LD AV;Madrid-Alicante;46,18
2023-08;Total;Comercial;LD AV;Madrid-Barcelona;47,53
2023-08;Total;Comercial;LD AV;Madrid-Málaga;60,35
2023-08;Total;Comercial;LD AV;Madrid-Sevilla;45,64
2023-08;Total;Comercial;LD AV;Madrid-Valencia;29,82
2023-09;Iryo;Comercial;LD AV;Madrid-Alicante;25,42
2023-09;Iryo;Comercial;LD AV;Madrid-Barcelona;39,59
2023-09;Iryo;Comercial;LD AV;Madrid-Málaga;43,37
2023-09;Iryo;Comercial;LD AV;Madrid-Sevilla;40,03
2023-09;Iryo;Comercial;LD AV;Madrid-Valencia;19,72
2023-09;OUIGO;Comercial;LD AV;Madrid-Alicante;22,5
2023-09;OUIGO;Comercial;LD AV;Madrid-Barcelona;37,51
2023-09;OUIGO;Comercial;LD AV;Madrid-Valencia;19,22
2023-09;Renfe-AVE;Comercial;LD AV;Madrid-Alicante;52,14
2023-09;Renfe-AVE;Comercial;LD AV;Madrid-Barcelona;68,35
2023-09;Renfe-AVE;Comercial;LD AV;Madrid-Málaga;51,44
2023-09;Renfe-AVE;Comercial;LD AV;Madrid-Sevilla;58,3
2023-09;Renfe-AVE;Comercial;LD AV;Madrid-Valencia;33,59
2023-09;Renfe-AVLO;Comercial;LD AV;Madrid-Alicante;23,54
2023-09;Renfe-AVLO;Comercial;LD AV;Madrid-Barcelona;40,45
2023-09;Renfe-AVLO;Comercial;LD AV;Madrid-Málaga;45,45
2023-09;Renfe-AVLO;Comercial;LD AV;Madrid-Sevilla;32,96
2023-09;Renfe-AVLO;Comercial;LD AV;Madrid-Valencia;18,68
2023-09;Total;Comercial;LD AV;Madrid-Alicante;42,1
2023-09;Total;Comercial;LD AV;Madrid-Barcelona;52,11
2023-09;Total;Comercial;LD AV;Madrid-Málaga;48,79
2023-09;Total;Comercial;LD AV;Madrid-Sevilla;50,31
2023-09;Total;Comercial;LD AV;Madrid-Valencia;25,62
2023-10;Iryo;Comercial;LD AV;Madrid-Alicante;33,04
2023-10;Iryo;Comercial;LD AV;Madrid-Barcelona;40,09
2023-10;Iryo;Comercial;LD AV;Madrid-Málaga;40,03
2023-10;Iryo;Comercial;LD AV;Madrid-Sevilla;43,54
2023-10;Iryo;Comercial;LD AV;Madrid-Valencia;24,15
2023-10;OUIGO;Comercial;LD AV;Madrid-Alicante;25,34
2023-10;OUIGO;Comercial;LD AV;Madrid-Barcelona;37,31
2023-10;OUIGO;Comercial;LD AV;Madrid-Valencia;21,66
2023-10;Renfe-AVE;Comercial;LD AV;Madrid-Alicante;47,51
2023-10;Renfe-AVE;Comercial;LD AV;Madrid-Barcelona;65,02
2023-10;Renfe-AVE;Comercial;LD AV;Madrid-Málaga;51,99
2023-10;Renfe-AVE;Comercial;LD AV;Madrid-Sevilla;59,24
2023-10;Renfe-AVE;Comercial;LD AV;Madrid-Valencia;35,58
2023-10;Renfe-AVLO;Comercial;LD AV;Madrid-Alicante;24,29
2023-10;Renfe-AVLO;Comercial;LD AV;Madrid-Barcelona;42,05
2023-10;Renfe-AVLO;Comercial;LD AV;Madrid-Málaga;40,56
2023-10;Renfe-AVLO;Comercial;LD AV;Madrid-Sevilla;34,15
2023-10;Renfe-AVLO;Comercial;LD AV;Madrid-Valencia;21,84
2023-10;Total;Comercial;LD AV;Madrid-Alicante;40,7
2023-10;Total;Comercial;LD AV;Madrid-Barcelona;51
2023-10;Total;Comercial;LD AV;Madrid-Málaga;48,25
2023-10;Total;Comercial;LD AV;Madrid-Sevilla;52,94
2023-10;Total;Comercial;LD AV;Madrid-Valencia;28,64
2023-11;Iryo;Comercial;LD AV;Madrid-Alicante;32,27
2023-11;Iryo;Comercial;LD AV;Madrid-Barcelona;38,6
2023-11;Iryo;Comercial;LD AV;Madrid-Málaga;38,84
2023-11;Iryo;Comercial;LD AV;Madrid-Sevilla;42,99
2023-11;Iryo;Comercial;LD AV;Madrid-Valencia;23,85
2023-11;OUIGO;Comercial;LD AV;Madrid-Alicante;21,88
2023-11;OUIGO;Comercial;LD AV;Madrid-Barcelona;34,86
2023-11;OUIGO;Comercial;LD AV;Madrid-Valencia;21,26
2023-11;Renfe-AVE;Comercial;LD AV;Madrid-Alicante;41,78
2023-11;Renfe-AVE;Comercial;LD AV;Madrid-Barcelona;61,2
2023-11;Renfe-AVE;Comercial;LD AV;Madrid-Málaga;49,37
2023-11;Renfe-AVE;Comercial;LD AV;Madrid-Sevilla;55,44
2023-11;Renfe-AVE;Comercial;LD AV;Madrid-Valencia;35,98
2023-11;Renfe-AVLO;Comercial;LD AV;Madrid-Alicante;22,74
2023-11;Renfe-AVLO;Comercial;LD AV;Madrid-Barcelona;41,19
2023-11;Renfe-AVLO;Comercial;LD AV;Madrid-Málaga;39,28
2023-11;Renfe-AVLO;Comercial;LD AV;Madrid-Sevilla;36,79
2023-11;Renfe-AVLO;Comercial;LD AV;Madrid-Valencia;20,9
2023-11;Total;Comercial;LD AV;Madrid-Alicante;35,89
2023-11;Total;Comercial;LD AV;Madrid-Barcelona;48,43
2023-11;Total;Comercial;LD AV;Madrid-Málaga;46,17
2023-11;Total;Comercial;LD AV;Madrid-Sevilla;50,99
2023-11;Total;Comercial;LD AV;Madrid-Valencia;28,55
2023-12;Iryo;Comercial;LD AV;Madrid-Alicante;32,42
2023-12;Iryo;Comercial;LD AV;Madrid-Barcelona;50,83
2023-12;Iryo;Comercial;LD AV;Madrid-Málaga;49,35
2023-12;Iryo;Comercial;LD AV;Madrid-Sevilla;52,44
2023-12;Iryo;Comercial;LD AV;Madrid-Valencia;28,54
2023-12;OUIGO;Comercial;LD AV;Madrid-Alicante;30,81
2023-12;OUIGO;Comercial;LD AV;Madrid-Barcelona;43,13
2023-12;OUIGO;Comercial;LD AV;Madrid-Valencia;25,54
2023-12;Renfe-AVE;Comercial;LD AV;Madrid-Alicante;46,96
2023-12;Renfe-AVE;Comercial;LD AV;Madrid-Barcelona;67,07
2023-12;Renfe-AVE;Comercial;LD AV;Madrid-Málaga;62,05
2023-12;Renfe-AVE;Comercial;LD AV;Madrid-Sevilla;62,53
2023-12;Renfe-AVE;Comercial;LD AV;Madrid-Valencia;41,39
2023-12;Renfe-AVLO;Comercial;LD AV;Madrid-Alicante;30,45
2023-12;Renfe-AVLO;Comercial;LD AV;Madrid-Barcelona;50,11
2023-12;Renfe-AVLO;Comercial;LD AV;Madrid-Málaga;49,79
2023-12;Renfe-AVLO;Comercial;LD AV;Madrid-Sevilla;43,02
2023-12;Renfe-AVLO;Comercial;LD AV;Madrid-Valencia;25,7
2023-12;Total;Comercial;LD AV;Madrid-Alicante;41,37
2023-12;Total;Comercial;LD AV;Madrid-Barcelona;56,54
2023-12;Total;Comercial;LD AV;Madrid-Málaga;57,54
2023-12;Total;Comercial;LD AV;Madrid-Sevilla;58,55
2023-12;Total;Comercial;LD AV;Madrid-Valencia;32,95
2024-01;Iryo;Comercial;LD AV;Madrid-Alicante;24,41
2024-01;Iryo;Comercial;LD AV;Madrid-Barcelona;36,94
2024-01;Iryo;Comercial;LD AV;Madrid-Málaga;33,67
2024-01;Iryo;Comercial;LD AV;Madrid-Sevilla;37,39
2024-01;Iryo;Comercial;LD AV;Madrid-Valencia;19,99
2024-01;OUIGO;Comercial;LD AV;Madrid-Alicante;21,3
2024-01;OUIGO;Comercial;LD AV;Madrid-Barcelona;29,71
2024-01;OUIGO;Comercial;LD AV;Madrid-Valencia;18,01
2024-01;Renfe-AVE;Comercial;LD AV;Madrid-Alicante;43,86
2024-01;Renfe-AVE;Comercial;LD AV;Madrid-Barcelona;54,94
2024-01;Renfe-AVE;Comercial;LD AV;Madrid-Málaga;44,91
2024-01;Renfe-AVE;Comercial;LD AV;Madrid-Sevilla;45,93
2024-01;Renfe-AVE;Comercial;LD AV;Madrid-Valencia;35,15
2024-01;Renfe-AVLO;Comercial;LD AV;Madrid-Alicante;20,24
2024-01;Renfe-AVLO;Comercial;LD AV;Madrid-Barcelona;34,94
2024-01;Renfe-AVLO;Comercial;LD AV;Madrid-Málaga;32,29
2024-01;Renfe-AVLO;Comercial;LD AV;Madrid-Sevilla;30,07
2024-01;Renfe-AVLO;Comercial;LD AV;Madrid-Valencia;18,47
2024-01;Total;Comercial;LD AV;Madrid-Alicante;35,54
2024-01;Total;Comercial;LD AV;Madrid-Barcelona;44,04
2024-01;Total;Comercial;LD AV;Madrid-Málaga;40,86
2024-01;Total;Comercial;LD AV;Madrid-Sevilla;42,62
2024-01;Total;Comercial;LD AV;Madrid-Valencia;25,64
2024-02;Iryo;Comercial;LD AV;Madrid-Alicante;28,79
2024-02;Iryo;Comercial;LD AV;Madrid-Barcelona;42,18
2024-02;Iryo;Comercial;LD AV;Madrid-Málaga;37,94
2024-02;Iryo;Comercial;LD AV;Madrid-Sevilla;43,36
2024-02;Iryo;Comercial;LD AV;Madrid-Valencia;20,5
2024-02;OUIGO;Comercial;LD AV;Madrid-Alicante;21,22
2024-02;OUIGO;Comercial;LD AV;Madrid-Barcelona;34,08
2024-02;OUIGO;Comercial;LD AV;Madrid-Valencia;18,54
2024-02;Renfe-AVE;Comercial;LD AV;Madrid-Alicante;41,23
2024-02;Renfe-AVE;Comercial;LD AV;Madrid-Barcelona;65,56
2024-02;Renfe-AVE;Comercial;LD AV;Madrid-Málaga;43,49
2024-02;Renfe-AVE;Comercial;LD AV;Madrid-Sevilla;51,24
2024-02;Renfe-AVE;Comercial;LD AV;Madrid-Valencia;33,27
2024-02;Renfe-AVLO;Comercial;LD AV;Madrid-Alicante;20,38
2024-02;Renfe-AVLO;Comercial;LD AV;Madrid-Barcelona;37,95
2024-02;Renfe-AVLO;Comercial;LD AV;Madrid-Málaga;36,37
2024-02;Renfe-AVLO;Comercial;LD AV;Madrid-Sevilla;36,94
2024-02;Renfe-AVLO;Comercial;LD AV;Madrid-Valencia;18,86
2024-02;Total;Comercial;LD AV;Madrid-Alicante;34,36
2024-02;Total;Comercial;LD AV;Madrid-Barcelona;51,85
2024-02;Total;Comercial;LD AV;Madrid-Málaga;41,53
2024-02;Total;Comercial;LD AV;Madrid-Sevilla;48,16
2024-02;Total;Comercial;LD AV;Madrid-Valencia;25,19
2024-03;Iryo;Comercial;LD AV;Madrid-Alicante;33,03
2024-03;Iryo;Comercial;LD AV;Madrid-Barcelona;48,97
2024-03;Iryo;Comercial;LD AV;Madrid-Málaga;45,78
2024-03;Iryo;Comercial;LD AV;Madrid-Sevilla;47,85
2024-03;Iryo;Comercial;LD AV;Madrid-Valencia;27,82
2024-03;OUIGO;Comercial;LD AV;Madrid-Alicante;26,96
2024-03;OUIGO;Comercial;LD AV;Madrid-Barcelona;40,07
2024-03;OUIGO;Comercial;LD AV;Madrid-Valencia;25,05
2024-03;Renfe-AVE;Comercial;LD AV;Madrid-Alicante;42,23
2024-03;Renfe-AVE;Comercial;LD AV;Madrid-Barcelona;67,17
2024-03;Renfe-AVE;Comercial;LD AV;Madrid-Málaga;53,41
2024-03;Renfe-AVE;Comercial;LD AV;Madrid-Sevilla;56,21
2024-03;Renfe-AVE;Comercial;LD AV;Madrid-Valencia;37,52
2024-03;Renfe-AVLO;Comercial;LD AV;Madrid-Alicante;25,22
2024-03;Renfe-AVLO;Comercial;LD AV;Madrid-Barcelona;44,71
2024-03;Renfe-AVLO;Comercial;LD AV;Madrid-Málaga;47,02
2024-03;Renfe-AVLO;Comercial;LD AV;Madrid-Sevilla;41,1
2024-03;Renfe-AVLO;Comercial;LD AV;Madrid-Valencia;24
2024-03;Total;Comercial;LD AV;Madrid-Alicante;36,73
2024-03;Total;Comercial;LD AV;Madrid-Barcelona;56,06
2024-03;Total;Comercial;LD AV;Madrid-Málaga;50,9
2024-03;Total;Comercial;LD AV;Madrid-Sevilla;52,91
2024-03;Total;Comercial;LD AV;Madrid-Valencia;30,83
2024-04;Iryo;Comercial;LD AV;Madrid-Alicante;33,21
2024-04;Iryo;Comercial;LD AV;Madrid-Barcelona;42,97
2024-04;Iryo;Comercial;LD AV;Madrid-Málaga;40,4
2024-04;Iryo;Comercial;LD AV;Madrid-Sevilla;46,65
2024-04;Iryo;Comercial;LD AV;Madrid-Valencia;22,87
2024-04;OUIGO;Comercial;LD AV;Madrid-Alicante;27,28
2024-04;OUIGO;Comercial;LD AV;Madrid-Barcelona;36,98
2024-04;OUIGO;Comercial;LD AV;Madrid-Valencia;22,1
2024-04;Renfe-AVE;Comercial;LD AV;Madrid-Alicante;44,12
2024-04;Renfe-AVE;Comercial;LD AV;Madrid-Barcelona;62,99
2024-04;Renfe-AVE;Comercial;LD AV;Madrid-Málaga;49,14
2024-04;Renfe-AVE;Comercial;LD AV;Madrid-Sevilla;58,35
2024-04;Renfe-AVE;Comercial;LD AV;Madrid-Valencia;36,06
2024-04;Renfe-AVLO;Comercial;LD AV;Madrid-Alicante;26,91
2024-04;Renfe-AVLO;Comercial;LD AV;Madrid-Barcelona;41,13
2024-04;Renfe-AVLO;Comercial;LD AV;Madrid-Málaga;42,84
2024-04;Renfe-AVLO;Comercial;LD AV;Madrid-Sevilla;41,38
2024-04;Renfe-AVLO;Comercial;LD AV;Madrid-Valencia;21,56
2024-04;Total;Comercial;LD AV;Madrid-Alicante;38,05
2024-04;Total;Comercial;LD AV;Madrid-Barcelona;51,78
2024-04;Total;Comercial;LD AV;Madrid-Málaga;46,33
2024-04;Total;Comercial;LD AV;Madrid-Sevilla;54,2
2024-04;Total;Comercial;LD AV;Madrid-Valencia;28,06
2024-05;Iryo;Comercial;LD AV;Madrid-Alicante;35,68
2024-05;Iryo;Comercial;LD AV;Madrid-Barcelona;45,56
2024-05;Iryo;Comercial;LD AV;Madrid-Málaga;41,1
2024-05;Iryo;Comercial;LD AV;Madrid-Sevilla;47,4
2024-05;Iryo;Comercial;LD AV;Madrid-Valencia;24,45
2024-05;OUIGO;Comercial;LD AV;Madrid-Alicante;30,76
2024-05;OUIGO;Comercial;LD AV;Madrid-Barcelona;43,41
2024-05;OUIGO;Comercial;LD AV;Madrid-Valencia;24,86
2024-05;Renfe-AVE;Comercial;LD AV;Madrid-Alicante;46,41
2024-05;Renfe-AVE;Comercial;LD AV;Madrid-Barcelona;65,68
2024-05;Renfe-AVE;Comercial;LD AV;Madrid-Málaga;51,33
2024-05;Renfe-AVE;Comercial;LD AV;Madrid-Sevilla;60,68
2024-05;Renfe-AVE;Comercial;LD AV;Madrid-Valencia;40,42
2024-05;Renfe-AVLO;Comercial;LD AV;Madrid-Alicante;28,53
2024-05;Renfe-AVLO;Comercial;LD AV;Madrid-Barcelona;46,32
2024-05;Renfe-AVLO;Comercial;LD AV;Madrid-Málaga;45,27
2024-05;Renfe-AVLO;Comercial;LD AV;Madrid-Sevilla;40,92
2024-05;Renfe-AVLO;Comercial;LD AV;Madrid-Valencia;22,33
2024-05;Total;Comercial;LD AV;Madrid-Alicante;40,43
2024-05;Total;Comercial;LD AV;Madrid-Barcelona;55,01
2024-05;Total;Comercial;LD AV;Madrid-Málaga;48,07
2024-05;Total;Comercial;LD AV;Madrid-Sevilla;56
2024-05;Total;Comercial;LD AV;Madrid-Valencia;31,36
2024-06;Iryo;Comercial;LD AV;Madrid-Alicante;26,87
2024-06;Iryo;Comercial;LD AV;Madrid-Barcelona;48,7
2024-06;Iryo;Comercial;LD AV;Madrid-Málaga;43,08
2024-06;Iryo;Comercial;LD AV;Madrid-Sevilla;46,61
2024-06;Iryo;Comercial;LD AV;Madrid-Valencia;28,76
2024-06;OUIGO;Comercial;LD AV;Madrid-Alicante;33,7
2024-06;OUIGO;Comercial;LD AV;Madrid-Barcelona;46,23
2024-06;OUIGO;Comercial;LD AV;Madrid-Valencia;28,11
2024-06;Renfe-AVE;Comercial;LD AV;Madrid-Alicante;48,8
2024-06;Renfe-AVE;Comercial;LD AV;Madrid-Barcelona;67,44
2024-06;Renfe-AVE;Comercial;LD AV;Madrid-Málaga;53,22
2024-06;Renfe-AVE;Comercial;LD AV;Madrid-Sevilla;55,31
2024-06;Renfe-AVE;Comercial;LD AV;Madrid-Valencia;44,19
2024-06;Renfe-AVLO;Comercial;LD AV;Madrid-Alicante;28,91
2024-06;Renfe-AVLO;Comercial;LD AV;Madrid-Barcelona;48,58
2024-06;Renfe-AVLO;Comercial;LD AV;Madrid-Málaga;43,02
2024-06;Renfe-AVLO;Comercial;LD AV;Madrid-Sevilla;40,79
2024-06;Renfe-AVLO;Comercial;LD AV;Madrid-Valencia;24,47
2024-06;Total;Comercial;LD AV;Madrid-Alicante;40,88
2024-06;Total;Comercial;LD AV;Madrid-Barcelona;57,47
2024-06;Total;Comercial;LD AV;Madrid-Málaga;49,21
2024-06;Total;Comercial;LD AV;Madrid-Sevilla;52,04
2024-06;Total;Comercial;LD AV;Madrid-Valencia;34,27
2024-07;Iryo;Comercial;LD AV;Madrid-Alicante;29,18
2024-07;Iryo;Comercial;LD AV;Madrid-Barcelona;44,19
2024-07;Iryo;Comercial;LD AV;Madrid-Málaga;42,86
2024-07;Iryo;Comercial;LD AV;Madrid-Sevilla;36,22
2024-07;Iryo;Comercial;LD AV;Madrid-Valencia;28,06
2024-07;OUIGO;Comercial;LD AV;Madrid-Alicante;36,72
2024-07;OUIGO;Comercial;LD AV;Madrid-Barcelona;46,06
2024-07;OUIGO;Comercial;LD AV;Madrid-Valencia;29,56
2024-07;Renfe-AVE;Comercial;LD AV;Madrid-Alicante;46,89
2024-07;Renfe-AVE;Comercial;LD AV;Madrid-Barcelona;64,96
2024-07;Renfe-AVE;Comercial;LD AV;Madrid-Málaga;52,48
2024-07;Renfe-AVE;Comercial;LD AV;Madrid-Sevilla;45,86
2024-07;Renfe-AVE;Comercial;LD AV;Madrid-Valencia;43,48
2024-07;Renfe-AVLO;Comercial;LD AV;Madrid-Alicante;29,43
2024-07;Renfe-AVLO;Comercial;LD AV;Madrid-Barcelona;48,08
2024-07;Renfe-AVLO;Comercial;LD AV;Madrid-Málaga;44,28
2024-07;Renfe-AVLO;Comercial;LD AV;Madrid-Sevilla;34,13
2024-07;Renfe-AVLO;Comercial;LD AV;Madrid-Valencia;27,67
2024-07;Total;Comercial;LD AV;Madrid-Alicante;41,09
2024-07;Total;Comercial;LD AV;Madrid-Barcelona;54,56
2024-07;Total;Comercial;LD AV;Madrid-Málaga;49,04
2024-07;Total;Comercial;LD AV;Madrid-Sevilla;42,34
2024-07;Total;Comercial;LD AV;Madrid-Valencia;34,5
2024-08;Iryo;Comercial;LD AV;Madrid-Alicante;26,49
2024-08;Iryo;Comercial;LD AV;Madrid-Barcelona;40,59
2024-08;Iryo;Comercial;LD AV;Madrid-Málaga;43,78
2024-08;Iryo;Comercial;LD AV;Madrid-Sevilla;33,02
2024-08;Iryo;Comercial;LD AV;Madrid-Valencia;24,29
2024-08;OUIGO;Comercial;LD AV;Madrid-Alicante;31,81
2024-08;OUIGO;Comercial;LD AV;Madrid-Barcelona;43,16
2024-08;OUIGO;Comercial;LD AV;Madrid-Valencia;26,03
2024-08;Renfe-AVE;Comercial;LD AV;Madrid-Alicante;43,2
2024-08;Renfe-AVE;Comercial;LD AV;Madrid-Barcelona;57,95
2024-08;Renfe-AVE;Comercial;LD AV;Madrid-Málaga;52,59
2024-08;Renfe-AVE;Comercial;LD AV;Madrid-Sevilla;39,62
2024-08;Renfe-AVE;Comercial;LD AV;Madrid-Valencia;36,86
2024-08;Renfe-AVLO;Comercial;LD AV;Madrid-Alicante;29,37
2024-08;Renfe-AVLO;Comercial;LD AV;Madrid-Barcelona;44,71
2024-08;Renfe-AVLO;Comercial;LD AV;Madrid-Málaga;44,62
2024-08;Renfe-AVLO;Comercial;LD AV;Madrid-Sevilla;27,48
2024-08;Renfe-AVLO;Comercial;LD AV;Madrid-Valencia;23,48
2024-08;Total;Comercial;LD AV;Madrid-Alicante;37,53
2024-08;Total;Comercial;LD AV;Madrid-Barcelona;48,56
2024-08;Total;Comercial;LD AV;Madrid-Málaga;49,65
2024-08;Total;Comercial;LD AV;Madrid-Sevilla;36,77
2024-08;Total;Comercial;LD AV;Madrid-Valencia;28,8
2024-09;Iryo;Comercial;LD AV;Madrid-Alicante;25,31
2024-09;Iryo;Comercial;LD AV;Madrid-Barcelona;40,4
2024-09;Iryo;Comercial;LD AV;Madrid-Málaga;37,61
2024-09;Iryo;Comercial;LD AV;Madrid-Sevilla;37,72
2024-09;Iryo;Comercial;LD AV;Madrid-Valencia;22,44
2024-09;OUIGO;Comercial;LD AV;Madrid-Alicante;25,66
2024-09;OUIGO;Comercial;LD AV;Madrid-Barcelona;40,16
2024-09;OUIGO;Comercial;LD AV;Madrid-Valencia;22,78
2024-09;Renfe-AVE;Comercial;LD AV;Madrid-Alicante;38,33
2024-09;Renfe-AVE;Comercial;LD AV;Madrid-Barcelona;63,98
2024-09;Renfe-AVE;Comercial;LD AV;Madrid-Málaga;46,72
2024-09;Renfe-AVE;Comercial;LD AV;Madrid-Sevilla;48,24
2024-09;Renfe-AVE;Comercial;LD AV;Madrid-Valencia;35,18
2024-09;Renfe-AVLO;Comercial;LD AV;Madrid-Alicante;24,8
2024-09;Renfe-AVLO;Comercial;LD AV;Madrid-Barcelona;43,08
2024-09;Renfe-AVLO;Comercial;LD AV;Madrid-Málaga;40,67
2024-09;Renfe-AVLO;Comercial;LD AV;Madrid-Sevilla;34,21
2024-09;Renfe-AVLO;Comercial;LD AV;Madrid-Valencia;21,18
2024-09;Total;Comercial;LD AV;Madrid-Alicante;33,44
2024-09;Total;Comercial;LD AV;Madrid-Barcelona;51,29
2024-09;Total;Comercial;LD AV;Madrid-Málaga;43,76
2024-09;Total;Comercial;LD AV;Madrid-Sevilla;44,5
2024-09;Total;Comercial;LD AV;Madrid-Valencia;27,1
2024-10;Iryo;Comercial;LD AV;Madrid-Alicante;27,02
2024-10;Iryo;Comercial;LD AV;Madrid-Barcelona;41,7
2024-10;Iryo;Comercial;LD AV;Madrid-Málaga;38,29
2024-10;Iryo;Comercial;LD AV;Madrid-Sevilla;39,46
2024-10;Iryo;Comercial;LD AV;Madrid-Valencia;22,14
2024-10;OUIGO;Comercial;LD AV;Madrid-Alicante;24,4
2024-10;OUIGO;Comercial;LD AV;Madrid-Barcelona;41,83
2024-10;OUIGO;Comercial;LD AV;Madrid-Valencia;21,22
2024-10;Renfe-AVE;Comercial;LD AV;Madrid-Alicante;38,85
2024-10;Renfe-AVE;Comercial;LD AV;Madrid-Barcelona;67,8
2024-10;Renfe-AVE;Comercial;LD AV;Madrid-Málaga;47,22
2024-10;Renfe-AVE;Comercial;LD AV;Madrid-Sevilla;50,88
2024-10;Renfe-AVE;Comercial;LD AV;Madrid-Valencia;35,72
2024-10;Renfe-AVLO;Comercial;LD AV;Madrid-Alicante;22,23
2024-10;Renfe-AVLO;Comercial;LD AV;Madrid-Barcelona;45,63
2024-10;Renfe-AVLO;Comercial;LD AV;Madrid-Málaga;44,8
2024-10;Renfe-AVLO;Comercial;LD AV;Madrid-Sevilla;35,88
2024-10;Renfe-AVLO;Comercial;LD AV;Madrid-Valencia;18,85
2024-10;Total;Comercial;LD AV;Madrid-Alicante;33,22
2024-10;Total;Comercial;LD AV;Madrid-Barcelona;54,74
2024-10;Total;Comercial;LD AV;Madrid-Málaga;44,63
2024-10;Total;Comercial;LD AV;Madrid-Sevilla;46,88
2024-10;Total;Comercial;LD AV;Madrid-Valencia;26,73
2024-11;Iryo;Comercial;LD AV;Madrid-Alicante;29,27
2024-11;Iryo;Comercial;LD AV;Madrid-Barcelona;42,55
2024-11;Iryo;Comercial;LD AV;Madrid-Málaga;39,68
2024-11;Iryo;Comercial;LD AV;Madrid-Sevilla;40,58
2024-11;Iryo;Comercial;LD AV;Madrid-Valencia;21,83
2024-11;OUIGO;Comercial;LD AV;Madrid-Alicante;25,35
2024-11;OUIGO;Comercial;LD AV;Madrid-Barcelona;40,62
2024-11;OUIGO;Comercial;LD AV;Madrid-Valencia;22,06
2024-11;Renfe-AVE;Comercial;LD AV;Madrid-Alicante;40,26
2024-11;Renfe-AVE;Comercial;LD AV;Madrid-Barcelona;64,82
2024-11;Renfe-AVE;Comercial;LD AV;Madrid-Málaga;47,23
2024-11;Renfe-AVE;Comercial;LD AV;Madrid-Sevilla;49,78
2024-11;Renfe-AVE;Comercial;LD AV;Madrid-Valencia;34,08
2024-11;Renfe-AVLO;Comercial;LD AV;Madrid-Alicante;23,19
2024-11;Renfe-AVLO;Comercial;LD AV;Madrid-Barcelona;43,65
2024-11;Renfe-AVLO;Comercial;LD AV;Madrid-Málaga;44,38
2024-11;Renfe-AVLO;Comercial;LD AV;Madrid-Sevilla;38,02
2024-11;Renfe-AVLO;Comercial;LD AV;Madrid-Valencia;20,05
2024-11;Total;Comercial;LD AV;Madrid-Alicante;34,32
2024-11;Total;Comercial;LD AV;Madrid-Barcelona;53,04
2024-11;Total;Comercial;LD AV;Madrid-Málaga;44,83
2024-11;Total;Comercial;LD AV;Madrid-Sevilla;46,53
2024-11;Total;Comercial;LD AV;Madrid-Valencia;26,66
2024-12;Iryo;Comercial;LD AV;Madrid-Alicante;32,76
2024-12;Iryo;Comercial;LD AV;Madrid-Barcelona;52,15
2024-12;Iryo;Comercial;LD AV;Madrid-Málaga;48,57
2024-12;Iryo;Comercial;LD AV;Madrid-Sevilla;46,93
2024-12;Iryo;Comercial;LD AV;Madrid-Valencia;27,02
2024-12;OUIGO;Comercial;LD AV;Madrid-Alicante;29,86
2024-12;OUIGO;Comercial;LD AV;Madrid-Barcelona;48,23
2024-12;OUIGO;Comercial;LD AV;Madrid-Valencia;23,45
2024-12;Renfe-AVE;Comercial;LD AV;Madrid-Alicante;42,85
2024-12;Renfe-AVE;Comercial;LD AV;Madrid-Barcelona;71,74
2024-12;Renfe-AVE;Comercial;LD AV;Madrid-Málaga;59,49
2024-12;Renfe-AVE;Comercial;LD AV;Madrid-Sevilla;56,34
2024-12;Renfe-AVE;Comercial;LD AV;Madrid-Valencia;34,61
2024-12;Renfe-AVLO;Comercial;LD AV;Madrid-Alicante;28,67
2024-12;Renfe-AVLO;Comercial;LD AV;Madrid-Barcelona;51,46
2024-12;Renfe-AVLO;Comercial;LD AV;Madrid-Málaga;47,91
2024-12;Renfe-AVLO;Comercial;LD AV;Madrid-Sevilla;42,67
2024-12;Renfe-AVLO;Comercial;LD AV;Madrid-Valencia;22,49
2024-12;Total;Comercial;LD AV;Madrid-Alicante;37,92
2024-12;Total;Comercial;LD AV;Madrid-Barcelona;60,34
2024-12;Total;Comercial;LD AV;Madrid-Málaga;54,62
2024-12;Total;Comercial;LD AV;Madrid-Sevilla;52,14
2024-12;Total;Comercial;LD AV;Madrid-Valencia;28,58
2025-01;Iryo;Comercial;LD AV;Madrid-Alicante;26,41
2025-01;Iryo;Comercial;LD AV;Madrid-Barcelona;40,89
2025-01;Iryo;Comercial;LD AV;Madrid-Málaga;34,07
2025-01;Iryo;Comercial;LD AV;Madrid-Sevilla;35,52
2025-01;Iryo;Comercial;LD AV;Madrid-Valencia;21,36
2025-01;OUIGO;Comercial;LD AV;Madrid-Alicante;20,19
2025-01;OUIGO;Comercial;LD AV;Madrid-Barcelona;35,8
2025-01;OUIGO;Comercial;LD AV;Madrid-Málaga;21,96
2025-01;OUIGO;Comercial;LD AV;Madrid-Sevilla;24,4
2025-01;OUIGO;Comercial;LD AV;Madrid-Valencia;16,45
2025-01;Renfe-AVE;Comercial;LD AV;Madrid-Alicante;32,06
2025-01;Renfe-AVE;Comercial;LD AV;Madrid-Barcelona;61,94
2025-01;Renfe-AVE;Comercial;LD AV;Madrid-Málaga;40,2
2025-01;Renfe-AVE;Comercial;LD AV;Madrid-Sevilla;41,68
2025-01;Renfe-AVE;Comercial;LD AV;Madrid-Valencia;28,52
2025-01;Renfe-AVLO;Comercial;LD AV;Madrid-Alicante;22,11
2025-01;Renfe-AVLO;Comercial;LD AV;Madrid-Barcelona;37,55
2025-01;Renfe-AVLO;Comercial;LD AV;Madrid-Málaga;31,67
2025-01;Renfe-AVLO;Comercial;LD AV;Madrid-Sevilla;32,05
2025-01;Renfe-AVLO;Comercial;LD AV;Madrid-Valencia;16,33
2025-01;Total;Comercial;LD AV;Madrid-Alicante;27,89
2025-01;Total;Comercial;LD AV;Madrid-Barcelona;50,02
2025-01;Total;Comercial;LD AV;Madrid-Málaga;36,78
2025-01;Total;Comercial;LD AV;Madrid-Sevilla;38,16
2025-01;Total;Comercial;LD AV;Madrid-Valencia;22,62
2025-02;Iryo;Comercial;LD AV;Madrid-Alicante;26,27
2025-02;Iryo;Comercial;LD AV;Madrid-Barcelona;39,06
2025-02;Iryo;Comercial;LD AV;Madrid-Málaga;34
2025-02;Iryo;Comercial;LD AV;Madrid-Sevilla;35,63
2025-02;Iryo;Comercial;LD AV;Madrid-Valencia;20,69
2025-02;OUIGO;Comercial;LD AV;Madrid-Alicante;20,35
2025-02;OUIGO;Comercial;LD AV;Madrid-Barcelona;35,04
2025-02;OUIGO;Comercial;LD AV;Madrid-Málaga;26,65
2025-02;OUIGO;Comercial;LD AV;Madrid-Sevilla;28,72
2025-02;OUIGO;Comercial;LD AV;Madrid-Valencia;17,48
2025-02;Renfe-AVE;Comercial;LD AV;Madrid-Alicante;32,57
2025-02;Renfe-AVE;Comercial;LD AV;Madrid-Barcelona;62,27
2025-02;Renfe-AVE;Comercial;LD AV;Madrid-Málaga;37,87
2025-02;Renfe-AVE;Comercial;LD AV;Madrid-Sevilla;42,55
2025-02;Renfe-AVE;Comercial;LD AV;Madrid-Valencia;29,86
2025-02;Renfe-AVLO;Comercial;LD AV;Madrid-Alicante;21,78
2025-02;Renfe-AVLO;Comercial;LD AV;Madrid-Barcelona;36,34
2025-02;Renfe-AVLO;Comercial;LD AV;Madrid-Málaga;31,93
2025-02;Renfe-AVLO;Comercial;LD AV;Madrid-Sevilla;31,96
2025-02;Renfe-AVLO;Comercial;LD AV;Madrid-Valencia;16,89
2025-02;Total;Comercial;LD AV;Madrid-Alicante;28,3
2025-02;Total;Comercial;LD AV;Madrid-Barcelona;50,11
2025-02;Total;Comercial;LD AV;Madrid-Málaga;34,83
2025-02;Total;Comercial;LD AV;Madrid-Sevilla;37,58
2025-02;Total;Comercial;LD AV;Madrid-Valencia;23,15
2025-03;Iryo;Comercial;LD AV;Madrid-Alicante;27,71
2025-03;Iryo;Comercial;LD AV;Madrid-Barcelona;41,1
2025-03;Iryo;Comercial;LD AV;Madrid-Málaga;34,98
2025-03;Iryo;Comercial;LD AV;Madrid-Sevilla;35,55
2025-03;Iryo;Comercial;LD AV;Madrid-Valencia;22,53
2025-03;OUIGO;Comercial;LD AV;Madrid-Alicante;21,81
2025-03;OUIGO;Comercial;LD AV;Madrid-Barcelona;38,7
2025-03;OUIGO;Comercial;LD AV;Madrid-Málaga;29,64
2025-03;OUIGO;Comercial;LD AV;Madrid-Sevilla;31,86
2025-03;OUIGO;Comercial;LD AV;Madrid-Valencia;22,45
2025-03;Renfe-AVE;Comercial;LD AV;Madrid-Alicante;34,92
2025-03;Renfe-AVE;Comercial;LD AV;Madrid-Barcelona;61,58
2025-03;Renfe-AVE;Comercial;LD AV;Madrid-Málaga;43,35
2025-03;Renfe-AVE;Comercial;LD AV;Madrid-Sevilla;48,93
2025-03;Renfe-AVE;Comercial;LD AV;Madrid-Valencia;35,19
2025-03;Renfe-AVLO;Comercial;LD AV;Madrid-Alicante;23,92
2025-03;Renfe-AVLO;Comercial;LD AV;Madrid-Barcelona;39,35
2025-03;Renfe-AVLO;Comercial;LD AV;Madrid-Málaga;34,42
2025-03;Renfe-AVLO;Comercial;LD AV;Madrid-Sevilla;36,17
2025-03;Renfe-AVLO;Comercial;LD AV;Madrid-Valencia;22,38
2025-03;Total;Comercial;LD AV;Madrid-Alicante;30,33
2025-03;Total;Comercial;LD AV;Madrid-Barcelona;50,41
2025-03;Total;Comercial;LD AV;Madrid-Málaga;38,69
2025-03;Total;Comercial;LD AV;Madrid-Sevilla;41,99
2025-03;Total;Comercial;LD AV;Madrid-Valencia;27,39
2025-04;Iryo;Comercial;LD AV;Madrid-Alicante;31,63
2025-04;Iryo;Comercial;LD AV;Madrid-Barcelona;55,25
2025-04;Iryo;Comercial;LD AV;Madrid-Málaga;46,49
2025-04;Iryo;Comercial;LD AV;Madrid-Sevilla;48,44
2025-04;Iryo;Comercial;LD AV;Madrid-Valencia;24,54
2025-04;OUIGO;Comercial;LD AV;Madrid-Alicante;30,41
2025-04;OUIGO;Comercial;LD AV;Madrid-Barcelona;51,21
2025-04;OUIGO;Comercial;LD AV;Madrid-Málaga;39,75
2025-04;OUIGO;Comercial;LD AV;Madrid-Sevilla;39,9
2025-04;OUIGO;Comercial;LD AV;Madrid-Valencia;23,93
2025-04;Renfe-AVE;Comercial;LD AV;Madrid-Alicante;42,08
2025-04;Renfe-AVE;Comercial;LD AV;Madrid-Barcelona;72,55
2025-04;Renfe-AVE;Comercial;LD AV;Madrid-Málaga;54,63
2025-04;Renfe-AVE;Comercial;LD AV;Madrid-Sevilla;56,71
2025-04;Renfe-AVE;Comercial;LD AV;Madrid-Valencia;36,71
2025-04;Renfe-AVLO;Comercial;LD AV;Madrid-Alicante;30,47
2025-04;Renfe-AVLO;Comercial;LD AV;Madrid-Barcelona;51,12
2025-04;Renfe-AVLO;Comercial;LD AV;Madrid-Málaga;43,01
2025-04;Renfe-AVLO;Comercial;LD AV;Madrid-Sevilla;43,66
2025-04;Renfe-AVLO;Comercial;LD AV;Madrid-Valencia;24,52
2025-04;Total;Comercial;LD AV;Madrid-Alicante;37,78
2025-04;Total;Comercial;LD AV;Madrid-Barcelona;62,16
2025-04;Total;Comercial;LD AV;Madrid-Málaga;49,37
2025-04;Total;Comercial;LD AV;Madrid-Sevilla;50,95
2025-04;Total;Comercial;LD AV;Madrid-Valencia;29,11
2025-05;Iryo;Comercial;LD AV;Madrid-Alicante;29,16
2025-05;Iryo;Comercial;LD AV;Madrid-Barcelona;54,08
2025-05;Iryo;Comercial;LD AV;Madrid-Málaga;41,16
2025-05;Iryo;Comercial;LD AV;Madrid-Sevilla;51,93
2025-05;Iryo;Comercial;LD AV;Madrid-Valencia;23,17
2025-05;OUIGO;Comercial;LD AV;Madrid-Alicante;26,3
2025-05;OUIGO;Comercial;LD AV;Madrid-Barcelona;47,76
2025-05;OUIGO;Comercial;LD AV;Madrid-Málaga;38,26
2025-05;OUIGO;Comercial;LD AV;Madrid-Sevilla;44,81
2025-05;OUIGO;Comercial;LD AV;Madrid-Valencia;22,76
2025-05;Renfe-AVE;Comercial;LD AV;Madrid-Alicante;40,37
2025-05;Renfe-AVE;Comercial;LD AV;Madrid-Barcelona;73,51
2025-05;Renfe-AVE;Comercial;LD AV;Madrid-Málaga;53,45
2025-05;Renfe-AVE;Comercial;LD AV;Madrid-Sevilla;62,42
2025-05;Renfe-AVE;Comercial;LD AV;Madrid-Valencia;35,56
2025-05;Renfe-AVLO;Comercial;LD AV;Madrid-Alicante;27,46
2025-05;Renfe-AVLO;Comercial;LD AV;Madrid-Barcelona;50,62
2025-05;Renfe-AVLO;Comercial;LD AV;Madrid-Málaga;41,96
2025-05;Renfe-AVLO;Comercial;LD AV;Madrid-Sevilla;48,18
2025-05;Renfe-AVLO;Comercial;LD AV;Madrid-Valencia;23,87
2025-05;Total;Comercial;LD AV;Madrid-Alicante;35,22
2025-05;Total;Comercial;LD AV;Madrid-Barcelona;61,91
2025-05;Total;Comercial;LD AV;Madrid-Málaga;47,2
2025-05;Total;Comercial;LD AV;Madrid-Sevilla;55,7
2025-05;Total;Comercial;LD AV;Madrid-Valencia;27,94
2025-06;Iryo;Comercial;LD AV;Madrid-Alicante;26,01
2025-06;Iryo;Comercial;LD AV;Madrid-Barcelona;58,77
2025-06;Iryo;Comercial;LD AV;Madrid-Málaga;40,57
2025-06;Iryo;Comercial;LD AV;Madrid-Sevilla;37,23
2025-06;Iryo;Comercial;LD AV;Madrid-Valencia;25,48
2025-06;OUIGO;Comercial;LD AV;Madrid-Alicante;29,26
2025-06;OUIGO;Comercial;LD AV;Madrid-Barcelona;51,45
2025-06;OUIGO;Comercial;LD AV;Madrid-Málaga;32,38
2025-06;OUIGO;Comercial;LD AV;Madrid-Sevilla;28,68
2025-06;OUIGO;Comercial;LD AV;Madrid-Valencia;24,39
2025-06;Renfe-AVE;Comercial;LD AV;Madrid-Alicante;40,79
2025-06;Renfe-AVE;Comercial;LD AV;Madrid-Barcelona;75,69
2025-06;Renfe-AVE;Comercial;LD AV;Madrid-Málaga;51,7
2025-06;Renfe-AVE;Comercial;LD AV;Madrid-Sevilla;48,4
2025-06;Renfe-AVE;Comercial;LD AV;Madrid-Valencia;35,63
2025-06;Renfe-AVLO;Comercial;LD AV;Madrid-Alicante;30,56
2025-06;Renfe-AVLO;Comercial;LD AV;Madrid-Barcelona;54,15
2025-06;Renfe-AVLO;Comercial;LD AV;Madrid-Málaga;39,47
2025-06;Renfe-AVLO;Comercial;LD AV;Madrid-Sevilla;35,3
2025-06;Renfe-AVLO;Comercial;LD AV;Madrid-Valencia;23,84
2025-06;Total;Comercial;LD AV;Madrid-Alicante;35,99
2025-06;Total;Comercial;LD AV;Madrid-Barcelona;65,39
2025-06;Total;Comercial;LD AV;Madrid-Málaga;45,26
2025-06;Total;Comercial;LD AV;Madrid-Sevilla;41,56
2025-06;Total;Comercial;LD AV;Madrid-Valencia;28,89
2025-07;Iryo;Comercial;LD AV;Madrid-Alicante;29,44
2025-07;Iryo;Comercial;LD AV;Madrid-Barcelona;56,48
2025-07;Iryo;Comercial;LD AV;Madrid-Málaga;36,51
2025-07;Iryo;Comercial;LD AV;Madrid-Sevilla;35,19
2025-07;Iryo;Comercial;LD AV;Madrid-Valencia;29,16
2025-07;OUIGO;Comercial;LD AV;Madrid-Alicante;31,6
2025-07;OUIGO;Comercial;LD AV;Madrid-Barcelona;49,63
2025-07;OUIGO;Comercial;LD AV;Madrid-Málaga;30,69
2025-07;OUIGO;Comercial;LD AV;Madrid-Sevilla;27,44
2025-07;OUIGO;Comercial;LD AV;Madrid-Valencia;24,72
2025-07;Renfe-AVE;Comercial;LD AV;Madrid-Alicante;41,45
2025-07;Renfe-AVE;Comercial;LD AV;Madrid-Barcelona;69,36
2025-07;Renfe-AVE;Comercial;LD AV;Madrid-Málaga;44,33
2025-07;Renfe-AVE;Comercial;LD AV;Madrid-Sevilla;41,81
2025-07;Renfe-AVE;Comercial;LD AV;Madrid-Valencia;36,59
2025-07;Renfe-AVLO;Comercial;LD AV;Madrid-Alicante;32,93
2025-07;Renfe-AVLO;Comercial;LD AV;Madrid-Barcelona;49,63
2025-07;Renfe-AVLO;Comercial;LD AV;Madrid-Málaga;35,4
2025-07;Renfe-AVLO;Comercial;LD AV;Madrid-Sevilla;32
2025-07;Renfe-AVLO;Comercial;LD AV;Madrid-Valencia;24,33
2025-07;Total;Comercial;LD AV;Madrid-Alicante;37,49
2025-07;Total;Comercial;LD AV;Madrid-Barcelona;60,87
2025-07;Total;Comercial;LD AV;Madrid-Málaga;39,06
2025-07;Total;Comercial;LD AV;Madrid-Sevilla;36,97
2025-07;Total;Comercial;LD AV;Madrid-Valencia;30,44
2025-08;Iryo;Comercial;LD AV;Madrid-Alicante;37,3
2025-08;Iryo;Comercial;LD AV;Madrid-Barcelona;61,19
2025-08;Iryo;Comercial;LD AV;Madrid-Málaga;45,22
2025-08;Iryo;Comercial;LD AV;Madrid-Sevilla;39,92
2025-08;Iryo;Comercial;LD AV;Madrid-Valencia;33,72
2025-08;OUIGO;Comercial;LD AV;Madrid-Alicante;35,36
2025-08;OUIGO;Comercial;LD AV;Madrid-Barcelona;53,77
2025-08;OUIGO;Comercial;LD AV;Madrid-Málaga;34,7
2025-08;OUIGO;Comercial;LD AV;Madrid-Sevilla;27,13
2025-08;OUIGO;Comercial;LD AV;Madrid-Valencia;24,39
2025-08;Renfe-AVE;Comercial;LD AV;Madrid-Alicante;44,85
2025-08;Renfe-AVE;Comercial;LD AV;Madrid-Barcelona;67,42
2025-08;Renfe-AVE;Comercial;LD AV;Madrid-Málaga;47,54
2025-08;Renfe-AVE;Comercial;LD AV;Madrid-Sevilla;42,71
2025-08;Renfe-AVE;Comercial;LD AV;Madrid-Valencia;37,17
2025-08;Renfe-AVLO;Comercial;LD AV;Madrid-Alicante;38,05
2025-08;Renfe-AVLO;Comercial;LD AV;Madrid-Barcelona;56,43
2025-08;Renfe-AVLO;Comercial;LD AV;Madrid-Málaga;36,15
2025-08;Renfe-AVLO;Comercial;LD AV;Madrid-Sevilla;33,3
2025-08;Renfe-AVLO;Comercial;LD AV;Madrid-Valencia;25,51
2025-08;Total;Comercial;LD AV;Madrid-Alicante;41,42
2025-08;Total;Comercial;LD AV;Madrid-Barcelona;61,94
2025-08;Total;Comercial;LD AV;Madrid-Málaga;43,72
2025-08;Total;Comercial;LD AV;Madrid-Sevilla;38,47
2025-08;Total;Comercial;LD AV;Madrid-Valencia;32,08
2025-09;Iryo;Comercial;LD AV;Madrid-Alicante;34,71
2025-09;Iryo;Comercial;LD AV;Madrid-Barcelona;74,13
2025-09;Iryo;Comercial;LD AV;Madrid-Málaga;46,03
2025-09;Iryo;Comercial;LD AV;Madrid-Sevilla;45,26
2025-09;Iryo;Comercial;LD AV;Madrid-Valencia;30,36
2025-09;OUIGO;Comercial;LD AV;Madrid-Alicante;25,01
2025-09;OUIGO;Comercial;LD AV;Madrid-Barcelona;52,2
2025-09;OUIGO;Comercial;LD AV;Madrid-Málaga;32,22
2025-09;OUIGO;Comercial;LD AV;Madrid-Sevilla;32,44
2025-09;OUIGO;Comercial;LD AV;Madrid-Valencia;21,47
2025-09;Renfe-AVE;Comercial;LD AV;Madrid-Alicante;39,31
2025-09;Renfe-AVE;Comercial;LD AV;Madrid-Barcelona;75,11
2025-09;Renfe-AVE;Comercial;LD AV;Madrid-Málaga;46,57
2025-09;Renfe-AVE;Comercial;LD AV;Madrid-Sevilla;50,42
2025-09;Renfe-AVE;Comercial;LD AV;Madrid-Valencia;34,62
2025-09;Renfe-AVLO;Comercial;LD AV;Madrid-Alicante;29,5
2025-09;Renfe-AVLO;Comercial;LD AV;Madrid-Barcelona;47,88
2025-09;Renfe-AVLO;Comercial;LD AV;Madrid-Málaga;38,3
2025-09;Renfe-AVLO;Comercial;LD AV;Madrid-Sevilla;36,71
2025-09;Renfe-AVLO;Comercial;LD AV;Madrid-Valencia;22,37
2025-09;Total;Comercial;LD AV;Madrid-Alicante;34,87
2025-09;Total;Comercial;LD AV;Madrid-Barcelona;70,49
2025-09;Total;Comercial;LD AV;Madrid-Málaga;43,3
2025-09;Total;Comercial;LD AV;Madrid-Sevilla;44,82
2025-09;Total;Comercial;LD AV;Madrid-Valencia;29,12
2025-10;Iryo;Comercial;LD AV;Madrid-Alicante;39,86
2025-10;Iryo;Comercial;LD AV;Madrid-Barcelona;83,52
2025-10;Iryo;Comercial;LD AV;Madrid-Málaga;47,18
2025-10;Iryo;Comercial;LD AV;Madrid-Sevilla;50,7
2025-10;Iryo;Comercial;LD AV;Madrid-Valencia;33,48
2025-10;OUIGO;Comercial;LD AV;Madrid-Alicante;23,58
2025-10;OUIGO;Comercial;LD AV;Madrid-Barcelona;61,46
2025-10;OUIGO;Comercial;LD AV;Madrid-Málaga;30,58
2025-10;OUIGO;Comercial;LD AV;Madrid-Sevilla;34,94
2025-10;OUIGO;Comercial;LD AV;Madrid-Valencia;22,77
2025-10;Renfe-AVE;Comercial;LD AV;Madrid-Alicante;40,16
2025-10;Renfe-AVE;Comercial;LD AV;Madrid-Barcelona;94,92
2025-10;Renfe-AVE;Comercial;LD AV;Madrid-Málaga;50,03
2025-10;Renfe-AVE;Comercial;LD AV;Madrid-Sevilla;56,09
2025-10;Renfe-AVE;Comercial;LD AV;Madrid-Valencia;38,33
2025-10;Renfe-AVLO;Comercial;LD AV;Madrid-Alicante;27,38
2025-10;Renfe-AVLO;Comercial;LD AV;Madrid-Barcelona;49,07
2025-10;Renfe-AVLO;Comercial;LD AV;Madrid-Málaga;38,95
2025-10;Renfe-AVLO;Comercial;LD AV;Madrid-Sevilla;42,34
2025-10;Renfe-AVLO;Comercial;LD AV;Madrid-Valencia;24,2
2025-10;Total;Comercial;LD AV;Madrid-Alicante;34,8
2025-10;Total;Comercial;LD AV;Madrid-Barcelona;87,33
2025-10;Total;Comercial;LD AV;Madrid-Málaga;45,27
2025-10;Total;Comercial;LD AV;Madrid-Sevilla;50,07
2025-10;Total;Comercial;LD AV;Madrid-Valencia;31,98
2025-11;Iryo;Comercial;LD AV;Madrid-Alicante;39,03
2025-11;Iryo;Comercial;LD AV;Madrid-Barcelona;76,02
2025-11;Iryo;Comercial;LD AV;Madrid-Málaga;42,8
2025-11;Iryo;Comercial;LD AV;Madrid-Sevilla;46,29
2025-11;Iryo;Comercial;LD AV;Madrid-Valencia;32,73
2025-11;OUIGO;Comercial;LD AV;Madrid-Alicante;25,72
2025-11;OUIGO;Comercial;LD AV;Madrid-Barcelona;61,69
2025-11;OUIGO;Comercial;LD AV;Madrid-Málaga;30,61
2025-11;OUIGO;Comercial;LD AV;Madrid-Sevilla;33,68
2025-11;OUIGO;Comercial;LD AV;Madrid-Valencia;23,8
2025-11;Renfe-AVE;Comercial;LD AV;Madrid-Alicante;44,5
2025-11;Renfe-AVE;Comercial;LD AV;Madrid-Barcelona;98,45
2025-11;Renfe-AVE;Comercial;LD AV;Madrid-Málaga;47,77
2025-11;Renfe-AVE;Comercial;LD AV;Madrid-Sevilla;52,89
2025-11;Renfe-AVE;Comercial;LD AV;Madrid-Valencia;38,07
2025-11;Renfe-AVLO;Comercial;LD AV;Madrid-Alicante;29,38
2025-11;Renfe-AVLO;Comercial;LD AV;Madrid-Málaga;35,54
2025-11;Renfe-AVLO;Comercial;LD AV;Madrid-Sevilla;40,69
2025-11;Renfe-AVLO;Comercial;LD AV;Madrid-Valencia;25,79
2025-11;Total;Comercial;LD AV;Madrid-Alicante;38,11
2025-11;Total;Comercial;LD AV;Madrid-Barcelona;86,84
2025-11;Total;Comercial;LD AV;Madrid-Málaga;42,5
2025-11;Total;Comercial;LD AV;Madrid-Sevilla;46,76
2025-11;Total;Comercial;LD AV;Madrid-Valencia;32,12
2025-12;Iryo;Comercial;LD AV;Madrid-Alicante;36,04
2025-12;Iryo;Comercial;LD AV;Madrid-Barcelona;71,1
2025-12;Iryo;Comercial;LD AV;Madrid-Málaga;46,35
2025-12;Iryo;Comercial;LD AV;Madrid-Sevilla;45,64
2025-12;Iryo;Comercial;LD AV;Madrid-Valencia;37,63
2025-12;OUIGO;Comercial;LD AV;Madrid-Alicante;30,13
2025-12;OUIGO;Comercial;LD AV;Madrid-Barcelona;61,13
2025-12;OUIGO;Comercial;LD AV;Madrid-Málaga;39,65
2025-12;OUIGO;Comercial;LD AV;Madrid-Sevilla;36,43
2025-12;OUIGO;Comercial;LD AV;Madrid-Valencia;29,97
2025-12;Renfe-AVE;Comercial;LD AV;Madrid-Alicante;44,6
2025-12;Renfe-AVE;Comercial;LD AV;Madrid-Barcelona;93,47
2025-12;Renfe-AVE;Comercial;LD AV;Madrid-Málaga;53,69
2025-12;Renfe-AVE;Comercial;LD AV;Madrid-Sevilla;50,89
2025-12;Renfe-AVE;Comercial;LD AV;Madrid-Valencia;41,2
2025-12;Renfe-AVLO;Comercial;LD AV;Madrid-Alicante;31,06
2025-12;Renfe-AVLO;Comercial;LD AV;Madrid-Málaga;47,36
2025-12;Renfe-AVLO;Comercial;LD AV;Madrid-Sevilla;43,69
2025-12;Renfe-AVLO;Comercial;LD AV;Madrid-Valencia;30,85
2025-12;Total;Comercial;LD AV;Madrid-Alicante;39,5
2025-12;Total;Comercial;LD AV;Madrid-Barcelona;81,08
2025-12;Total;Comercial;LD AV;Madrid-Málaga;49,07
2025-12;Total;Comercial;LD AV;Madrid-Sevilla;45,92
2025-12;Total;Comercial;LD AV;Madrid-Valencia;36,62
